"locationID_A","EOCode_A","group_A","locationID_B","EOCode_B","group_B","distance_m","connected_500m","same_EO","same_group","link_type"
11,"EO27",11,12,"EO27",11,285.6,TRUE,TRUE,TRUE,"within-EO"
15,"EO18",13,19,"EO18",13,358,TRUE,TRUE,TRUE,"within-EO"
33,"EO26",26,34,"EO26",26,364.1,TRUE,TRUE,TRUE,"within-EO"
31,"EO26",25,32,"EO26",25,369.3,TRUE,TRUE,TRUE,"within-EO"
15,"EO18",13,17,"EO18",13,412.2,TRUE,TRUE,TRUE,"within-EO"
16,"EO18",13,17,"EO18",13,466.1,TRUE,TRUE,TRUE,"within-EO"
18,"EO18",13,19,"EO18",13,493.4,TRUE,TRUE,TRUE,"within-EO"
17,"EO18",13,19,"EO18",13,559.7,FALSE,TRUE,TRUE,"not connected"
32,"EO26",25,33,"EO26",26,586.3,FALSE,TRUE,FALSE,"not connected"
27,"EO08",21,28,"EO08",22,589.6,FALSE,TRUE,FALSE,"not connected"
23,"EO24",17,24,"EO24",18,628.5,FALSE,TRUE,FALSE,"not connected"
17,"EO18",13,18,"EO18",13,637.4,FALSE,TRUE,TRUE,"not connected"
15,"EO18",13,16,"EO18",13,647.7,FALSE,TRUE,TRUE,"not connected"
22,"EO24",16,23,"EO24",17,681.6,FALSE,TRUE,FALSE,"not connected"
30,"EO26",24,31,"EO26",25,731.1,FALSE,TRUE,FALSE,"not connected"
20,"EO25",14,21,"EO25",15,819.5,FALSE,TRUE,FALSE,"not connected"
33,"EO26",26,36,"EO26",28,836.4,FALSE,TRUE,FALSE,"not connected"
32,"EO26",25,34,"EO26",26,876.6,FALSE,TRUE,FALSE,"not connected"
24,"EO24",18,25,"EO24",19,903,FALSE,TRUE,FALSE,"not connected"
15,"EO18",13,18,"EO18",13,903.8,FALSE,TRUE,TRUE,"not connected"
34,"EO26",26,36,"EO26",28,924,FALSE,TRUE,FALSE,"not connected"
12,"EO27",11,37,"EO27",29,936.8,FALSE,TRUE,FALSE,"not connected"
16,"EO18",13,19,"EO18",13,1029.1,FALSE,TRUE,TRUE,"not connected"
23,"EO24",17,25,"EO24",19,1092.1,FALSE,TRUE,FALSE,"not connected"
31,"EO26",25,33,"EO26",26,1109.6,FALSE,TRUE,FALSE,"not connected"
30,"EO26",24,32,"EO26",25,1132.7,FALSE,TRUE,FALSE,"not connected"
22,"EO24",16,24,"EO24",18,1210.1,FALSE,TRUE,FALSE,"not connected"
16,"EO18",13,18,"EO18",13,1225.4,FALSE,TRUE,TRUE,"not connected"
32,"EO26",25,36,"EO26",28,1371.4,FALSE,TRUE,FALSE,"not connected"
31,"EO26",25,34,"EO26",26,1426.5,FALSE,TRUE,FALSE,"not connected"
28,"EO08",22,29,"EO08",23,1480.2,FALSE,TRUE,FALSE,"not connected"
11,"EO27",11,37,"EO27",29,1561,FALSE,TRUE,FALSE,"not connected"
19,"EO18",13,20,"EO25",14,1641.1,FALSE,FALSE,FALSE,"not connected"
31,"EO26",25,36,"EO26",28,1742.1,FALSE,TRUE,FALSE,"not connected"
22,"EO24",16,25,"EO24",19,1766.4,FALSE,TRUE,FALSE,"not connected"
18,"EO18",13,20,"EO25",14,1795.1,FALSE,FALSE,FALSE,"not connected"
19,"EO18",13,21,"EO25",15,1797.8,FALSE,FALSE,FALSE,"not connected"
27,"EO08",21,34,"EO26",26,1856.7,FALSE,FALSE,FALSE,"not connected"
28,"EO08",22,34,"EO26",26,1860,FALSE,FALSE,FALSE,"not connected"
30,"EO26",24,33,"EO26",26,1885.4,FALSE,TRUE,FALSE,"not connected"
15,"EO18",13,20,"EO25",14,2036.6,FALSE,FALSE,FALSE,"not connected"
15,"EO18",13,21,"EO25",15,2037.2,FALSE,FALSE,FALSE,"not connected"
30,"EO26",24,35,"EO26",27,2106.2,FALSE,TRUE,FALSE,"not connected"
28,"EO08",22,36,"EO26",28,2110.3,FALSE,FALSE,FALSE,"not connected"
18,"EO18",13,21,"EO25",15,2168.9,FALSE,FALSE,FALSE,"not connected"
30,"EO26",24,34,"EO26",26,2203.7,FALSE,TRUE,FALSE,"not connected"
27,"EO08",21,29,"EO08",23,2231.5,FALSE,TRUE,FALSE,"not connected"
6,"EO32",6,7,"EO48",7,2243.8,FALSE,FALSE,FALSE,"not connected"
17,"EO18",13,20,"EO25",14,2336.7,FALSE,FALSE,FALSE,"not connected"
27,"EO08",21,33,"EO26",26,2337.4,FALSE,FALSE,FALSE,"not connected"
28,"EO08",22,33,"EO26",26,2338.3,FALSE,FALSE,FALSE,"not connected"
27,"EO08",21,36,"EO26",28,2403.7,FALSE,FALSE,FALSE,"not connected"
30,"EO26",24,36,"EO26",28,2429,FALSE,TRUE,FALSE,"not connected"
17,"EO18",13,21,"EO25",15,2446.8,FALSE,FALSE,FALSE,"not connected"
9,"EO27",9,10,"EO27",10,2448.8,FALSE,TRUE,FALSE,"not connected"
16,"EO18",13,21,"EO25",15,2707.1,FALSE,FALSE,FALSE,"not connected"
29,"EO08",23,36,"EO26",28,2718.3,FALSE,FALSE,FALSE,"not connected"
16,"EO18",13,20,"EO25",14,2759.7,FALSE,FALSE,FALSE,"not connected"
27,"EO08",21,32,"EO26",25,2844.1,FALSE,FALSE,FALSE,"not connected"
28,"EO08",22,32,"EO26",25,2915.4,FALSE,FALSE,FALSE,"not connected"
31,"EO26",25,35,"EO26",27,2923.1,FALSE,TRUE,FALSE,"not connected"
29,"EO08",23,34,"EO26",26,3002.1,FALSE,FALSE,FALSE,"not connected"
5,"EO68",5,26,"EO70",20,3056,FALSE,FALSE,FALSE,"not connected"
32,"EO26",25,35,"EO26",27,3290.1,FALSE,TRUE,FALSE,"not connected"
29,"EO08",23,33,"EO26",26,3353,FALSE,FALSE,FALSE,"not connected"
27,"EO08",21,31,"EO26",25,3392.3,FALSE,FALSE,FALSE,"not connected"
28,"EO08",22,31,"EO26",25,3459.6,FALSE,FALSE,FALSE,"not connected"
9,"EO27",9,11,"EO27",11,3941.7,FALSE,TRUE,FALSE,"not connected"
29,"EO08",23,32,"EO26",25,3978.4,FALSE,FALSE,FALSE,"not connected"
39,"EO67",31,40,"EO72",32,4007.6,FALSE,FALSE,FALSE,"not connected"
33,"EO26",26,35,"EO26",27,4081.6,FALSE,TRUE,FALSE,"not connected"
27,"EO08",21,30,"EO26",24,4160.3,FALSE,FALSE,FALSE,"not connected"
28,"EO08",22,30,"EO26",24,4237.8,FALSE,FALSE,FALSE,"not connected"
34,"EO26",26,35,"EO26",27,4372.2,FALSE,TRUE,FALSE,"not connected"
9,"EO27",9,12,"EO27",11,4416,FALSE,TRUE,FALSE,"not connected"
29,"EO08",23,31,"EO26",25,4459,FALSE,FALSE,FALSE,"not connected"
35,"EO26",27,36,"EO26",28,4624.4,FALSE,TRUE,FALSE,"not connected"
21,"EO25",15,24,"EO24",18,4834.3,FALSE,FALSE,FALSE,"not connected"
21,"EO25",15,25,"EO24",19,5039.1,FALSE,FALSE,FALSE,"not connected"
29,"EO08",23,30,"EO26",24,5195.6,FALSE,FALSE,FALSE,"not connected"
21,"EO25",15,23,"EO24",17,5458.5,FALSE,FALSE,FALSE,"not connected"
9,"EO27",9,37,"EO27",29,5481.4,FALSE,TRUE,FALSE,"not connected"
20,"EO25",14,24,"EO24",18,5679.8,FALSE,FALSE,FALSE,"not connected"
20,"EO25",14,25,"EO24",19,5837,FALSE,FALSE,FALSE,"not connected"
21,"EO25",15,22,"EO24",16,5907.5,FALSE,FALSE,FALSE,"not connected"
15,"EO18",13,24,"EO24",18,6201.8,FALSE,FALSE,FALSE,"not connected"
27,"EO08",21,35,"EO26",27,6259.5,FALSE,FALSE,FALSE,"not connected"
1,"EO38",1,3,"EO52",3,6275.9,FALSE,FALSE,FALSE,"not connected"
19,"EO18",13,24,"EO24",18,6277.8,FALSE,FALSE,FALSE,"not connected"
20,"EO25",14,23,"EO24",17,6306.4,FALSE,FALSE,FALSE,"not connected"
2,"EO76",2,3,"EO52",3,6367.9,FALSE,FALSE,FALSE,"not connected"
28,"EO08",22,35,"EO26",27,6415,FALSE,FALSE,FALSE,"not connected"
10,"EO27",10,11,"EO27",11,6428.4,FALSE,TRUE,FALSE,"not connected"
16,"EO18",13,24,"EO24",18,6503.2,FALSE,FALSE,FALSE,"not connected"
15,"EO18",13,25,"EO24",19,6629.6,FALSE,FALSE,FALSE,"not connected"
17,"EO18",13,24,"EO24",18,6634.4,FALSE,FALSE,FALSE,"not connected"
19,"EO18",13,25,"EO24",19,6644.9,FALSE,FALSE,FALSE,"not connected"
10,"EO27",10,39,"EO67",31,6704,FALSE,FALSE,FALSE,"not connected"
20,"EO25",14,22,"EO24",16,6770.5,FALSE,FALSE,FALSE,"not connected"
15,"EO18",13,23,"EO24",17,6781.8,FALSE,FALSE,FALSE,"not connected"
18,"EO18",13,24,"EO24",18,6809.2,FALSE,FALSE,FALSE,"not connected"
19,"EO18",13,23,"EO24",17,6871.7,FALSE,FALSE,FALSE,"not connected"
10,"EO27",10,12,"EO27",11,6882.4,FALSE,TRUE,FALSE,"not connected"
2,"EO76",2,4,"EO118",4,7003.5,FALSE,FALSE,FALSE,"not connected"
16,"EO18",13,25,"EO24",19,7006.2,FALSE,FALSE,FALSE,"not connected"
16,"EO18",13,23,"EO24",17,7056,FALSE,FALSE,FALSE,"not connected"
15,"EO18",13,22,"EO24",16,7078.8,FALSE,FALSE,FALSE,"not connected"
17,"EO18",13,25,"EO24",19,7081.2,FALSE,FALSE,FALSE,"not connected"
18,"EO18",13,25,"EO24",19,7147.9,FALSE,FALSE,FALSE,"not connected"
19,"EO18",13,22,"EO24",16,7199.2,FALSE,FALSE,FALSE,"not connected"
17,"EO18",13,23,"EO24",17,7206.6,FALSE,FALSE,FALSE,"not connected"
16,"EO18",13,22,"EO24",16,7292.5,FALSE,FALSE,FALSE,"not connected"
29,"EO08",23,35,"EO26",27,7404.3,FALSE,FALSE,FALSE,"not connected"
18,"EO18",13,23,"EO24",17,7410.6,FALSE,FALSE,FALSE,"not connected"
9,"EO27",9,39,"EO67",31,7418.5,FALSE,FALSE,FALSE,"not connected"
17,"EO18",13,22,"EO24",16,7483.6,FALSE,FALSE,FALSE,"not connected"
18,"EO18",13,22,"EO24",16,7761.2,FALSE,FALSE,FALSE,"not connected"
10,"EO27",10,37,"EO27",29,7862.8,FALSE,TRUE,FALSE,"not connected"
11,"EO27",11,39,"EO67",31,9117,FALSE,FALSE,FALSE,"not connected"
12,"EO27",11,39,"EO67",31,9247.3,FALSE,FALSE,FALSE,"not connected"
37,"EO27",29,39,"EO67",31,9268.5,FALSE,FALSE,FALSE,"not connected"
10,"EO27",10,40,"EO72",32,10512.3,FALSE,FALSE,FALSE,"not connected"
3,"EO52",3,4,"EO118",4,10553.8,FALSE,FALSE,FALSE,"not connected"
1,"EO38",1,2,"EO76",2,10647.7,FALSE,FALSE,FALSE,"not connected"
9,"EO27",9,40,"EO72",32,10654.7,FALSE,FALSE,FALSE,"not connected"
37,"EO27",29,40,"EO72",32,10665.9,FALSE,FALSE,FALSE,"not connected"
12,"EO27",11,40,"EO72",32,11125.7,FALSE,FALSE,FALSE,"not connected"
11,"EO27",11,40,"EO72",32,11170.5,FALSE,FALSE,FALSE,"not connected"
7,"EO48",7,22,"EO24",16,11870.4,FALSE,FALSE,FALSE,"not connected"
7,"EO48",7,23,"EO24",17,12364.4,FALSE,FALSE,FALSE,"not connected"
8,"EO29",8,38,"EO61",30,12581.7,FALSE,FALSE,FALSE,"not connected"
6,"EO32",6,22,"EO24",16,12719.9,FALSE,FALSE,FALSE,"not connected"
7,"EO48",7,24,"EO24",18,12992.3,FALSE,FALSE,FALSE,"not connected"
7,"EO48",7,25,"EO24",19,13049.3,FALSE,FALSE,FALSE,"not connected"
6,"EO32",6,23,"EO24",17,13115,FALSE,FALSE,FALSE,"not connected"
27,"EO08",21,38,"EO61",30,13151.8,FALSE,FALSE,FALSE,"not connected"
28,"EO08",22,38,"EO61",30,13286.8,FALSE,FALSE,FALSE,"not connected"
29,"EO08",23,38,"EO61",30,13452.5,FALSE,FALSE,FALSE,"not connected"
6,"EO32",6,25,"EO24",19,13628.9,FALSE,FALSE,FALSE,"not connected"
6,"EO32",6,24,"EO24",18,13737.3,FALSE,FALSE,FALSE,"not connected"
13,"EO30",12,37,"EO27",29,14445,FALSE,FALSE,FALSE,"not connected"
7,"EO48",7,40,"EO72",32,15249.3,FALSE,FALSE,FALSE,"not connected"
34,"EO26",26,38,"EO61",30,15311.4,FALSE,FALSE,FALSE,"not connected"
12,"EO27",11,13,"EO30",12,15562.4,FALSE,FALSE,FALSE,"not connected"
7,"EO48",7,39,"EO67",31,15630.5,FALSE,FALSE,FALSE,"not connected"
36,"EO26",28,38,"EO61",30,15694.4,FALSE,FALSE,FALSE,"not connected"
33,"EO26",26,38,"EO61",30,15794,FALSE,FALSE,FALSE,"not connected"
11,"EO27",11,13,"EO30",12,16244.2,FALSE,FALSE,FALSE,"not connected"
32,"EO26",25,38,"EO61",30,16285.4,FALSE,FALSE,FALSE,"not connected"
6,"EO32",6,40,"EO72",32,16402.3,FALSE,FALSE,FALSE,"not connected"
1,"EO38",1,4,"EO118",4,16564.4,FALSE,FALSE,FALSE,"not connected"
31,"EO26",25,38,"EO61",30,16822.3,FALSE,FALSE,FALSE,"not connected"
6,"EO32",6,39,"EO67",31,17253.4,FALSE,FALSE,FALSE,"not connected"
30,"EO26",24,38,"EO61",30,17574.3,FALSE,FALSE,FALSE,"not connected"
7,"EO48",7,21,"EO25",15,17776.4,FALSE,FALSE,FALSE,"not connected"
6,"EO32",6,21,"EO25",15,18571.3,FALSE,FALSE,FALSE,"not connected"
7,"EO48",7,20,"EO25",14,18640.8,FALSE,FALSE,FALSE,"not connected"
7,"EO48",7,15,"EO18",13,18754.7,FALSE,FALSE,FALSE,"not connected"
7,"EO48",7,16,"EO18",13,18815.8,FALSE,FALSE,FALSE,"not connected"
7,"EO48",7,19,"EO18",13,18931.8,FALSE,FALSE,FALSE,"not connected"
7,"EO48",7,17,"EO18",13,19103.4,FALSE,FALSE,FALSE,"not connected"
13,"EO30",12,40,"EO72",32,19404.5,FALSE,FALSE,FALSE,"not connected"
6,"EO32",6,20,"EO25",14,19410.8,FALSE,FALSE,FALSE,"not connected"
35,"EO26",27,38,"EO61",30,19523.3,FALSE,FALSE,FALSE,"not connected"
7,"EO48",7,18,"EO18",13,19525.3,FALSE,FALSE,FALSE,"not connected"
8,"EO29",8,29,"EO08",23,19684.9,FALSE,FALSE,FALSE,"not connected"
6,"EO32",6,15,"EO18",13,19775.1,FALSE,FALSE,FALSE,"not connected"
6,"EO32",6,19,"EO18",13,19912.4,FALSE,FALSE,FALSE,"not connected"
6,"EO32",6,16,"EO18",13,19921.5,FALSE,FALSE,FALSE,"not connected"
6,"EO32",6,17,"EO18",13,20159.7,FALSE,FALSE,FALSE,"not connected"
9,"EO27",9,13,"EO30",12,20229,FALSE,FALSE,FALSE,"not connected"
6,"EO32",6,18,"EO18",13,20480.2,FALSE,FALSE,FALSE,"not connected"
7,"EO48",7,10,"EO27",10,20568.6,FALSE,FALSE,FALSE,"not connected"
22,"EO24",16,39,"EO67",31,20581.2,FALSE,FALSE,FALSE,"not connected"
8,"EO29",8,28,"EO08",22,20715.9,FALSE,FALSE,FALSE,"not connected"
13,"EO30",12,39,"EO67",31,20987.1,FALSE,FALSE,FALSE,"not connected"
8,"EO29",8,27,"EO08",21,21017.2,FALSE,FALSE,FALSE,"not connected"
23,"EO24",17,39,"EO67",31,21260.8,FALSE,FALSE,FALSE,"not connected"
24,"EO24",18,39,"EO67",31,21675.5,FALSE,FALSE,FALSE,"not connected"
1,"EO38",1,6,"EO32",6,22077,FALSE,FALSE,FALSE,"not connected"
10,"EO27",10,22,"EO24",16,22142.6,FALSE,FALSE,FALSE,"not connected"
25,"EO24",19,39,"EO67",31,22346.4,FALSE,FALSE,FALSE,"not connected"
7,"EO48",7,9,"EO27",9,22408.4,FALSE,FALSE,FALSE,"not connected"
22,"EO24",16,40,"EO72",32,22449.7,FALSE,FALSE,FALSE,"not connected"
10,"EO27",10,13,"EO30",12,22461.1,FALSE,FALSE,FALSE,"not connected"
6,"EO32",6,10,"EO27",10,22533.3,FALSE,FALSE,FALSE,"not connected"
8,"EO29",8,36,"EO26",28,22678.1,FALSE,FALSE,FALSE,"not connected"
10,"EO27",10,23,"EO24",17,22775.8,FALSE,FALSE,FALSE,"not connected"
8,"EO29",8,34,"EO26",26,22807.6,FALSE,FALSE,FALSE,"not connected"
10,"EO27",10,24,"EO24",18,23033.9,FALSE,FALSE,FALSE,"not connected"
23,"EO24",17,40,"EO72",32,23128.3,FALSE,FALSE,FALSE,"not connected"
8,"EO29",8,33,"EO26",26,23238.3,FALSE,FALSE,FALSE,"not connected"
10,"EO27",10,16,"EO18",13,23325.2,FALSE,FALSE,FALSE,"not connected"
24,"EO24",18,40,"EO72",32,23613.9,FALSE,FALSE,FALSE,"not connected"
10,"EO27",10,25,"EO24",19,23849.7,FALSE,FALSE,FALSE,"not connected"
8,"EO29",8,32,"EO26",25,23852.2,FALSE,FALSE,FALSE,"not connected"
10,"EO27",10,17,"EO18",13,23864.5,FALSE,FALSE,FALSE,"not connected"
16,"EO18",13,39,"EO67",31,23910.4,FALSE,FALSE,FALSE,"not connected"
10,"EO27",10,15,"EO18",13,23919.9,FALSE,FALSE,FALSE,"not connected"
25,"EO24",19,40,"EO72",32,24180.7,FALSE,FALSE,FALSE,"not connected"
6,"EO32",6,9,"EO27",9,24254.7,FALSE,FALSE,FALSE,"not connected"
15,"EO18",13,39,"EO67",31,24288.6,FALSE,FALSE,FALSE,"not connected"
10,"EO27",10,19,"EO18",13,24336,FALSE,FALSE,FALSE,"not connected"
8,"EO29",8,31,"EO26",25,24370.3,FALSE,FALSE,FALSE,"not connected"
17,"EO18",13,39,"EO67",31,24375.8,FALSE,FALSE,FALSE,"not connected"
1,"EO38",1,7,"EO48",7,24555.8,FALSE,FALSE,FALSE,"not connected"
10,"EO27",10,18,"EO18",13,24586.1,FALSE,FALSE,FALSE,"not connected"
9,"EO27",9,22,"EO24",16,24663.2,FALSE,FALSE,FALSE,"not connected"
19,"EO18",13,39,"EO67",31,24671.6,FALSE,FALSE,FALSE,"not connected"
21,"EO25",15,39,"EO67",31,24752.4,FALSE,FALSE,FALSE,"not connected"
7,"EO48",7,11,"EO27",11,24816.5,FALSE,FALSE,FALSE,"not connected"
10,"EO27",10,21,"EO25",15,24940.6,FALSE,FALSE,FALSE,"not connected"
7,"EO48",7,12,"EO27",11,24972.1,FALSE,FALSE,FALSE,"not connected"
7,"EO48",7,37,"EO27",29,24979,FALSE,FALSE,FALSE,"not connected"
8,"EO29",8,30,"EO26",24,25130.4,FALSE,FALSE,FALSE,"not connected"
18,"EO18",13,39,"EO67",31,25139.6,FALSE,FALSE,FALSE,"not connected"
9,"EO27",9,23,"EO24",17,25302.8,FALSE,FALSE,FALSE,"not connected"
20,"EO25",14,39,"EO67",31,25516,FALSE,FALSE,FALSE,"not connected"
10,"EO27",10,20,"EO25",14,25563.9,FALSE,FALSE,FALSE,"not connected"
9,"EO27",9,24,"EO24",18,25574.2,FALSE,FALSE,FALSE,"not connected"
4,"EO118",4,26,"EO70",20,25808.1,FALSE,FALSE,FALSE,"not connected"
9,"EO27",9,16,"EO18",13,25914.9,FALSE,FALSE,FALSE,"not connected"
9,"EO27",9,25,"EO24",19,26381.1,FALSE,FALSE,FALSE,"not connected"
9,"EO27",9,17,"EO18",13,26456,FALSE,FALSE,FALSE,"not connected"
6,"EO32",6,11,"EO27",11,26460.5,FALSE,FALSE,FALSE,"not connected"
6,"EO32",6,37,"EO27",29,26501.6,FALSE,FALSE,FALSE,"not connected"
9,"EO27",9,15,"EO18",13,26514.1,FALSE,FALSE,FALSE,"not connected"
6,"EO32",6,12,"EO27",11,26584.2,FALSE,FALSE,FALSE,"not connected"
16,"EO18",13,40,"EO72",32,26679.7,FALSE,FALSE,FALSE,"not connected"
9,"EO27",9,19,"EO18",13,26930.4,FALSE,FALSE,FALSE,"not connected"
15,"EO18",13,40,"EO72",32,26992.1,FALSE,FALSE,FALSE,"not connected"
17,"EO18",13,40,"EO72",32,27138.8,FALSE,FALSE,FALSE,"not connected"
9,"EO27",9,18,"EO18",13,27175.8,FALSE,FALSE,FALSE,"not connected"
21,"EO25",15,40,"EO72",32,27191.3,FALSE,FALSE,FALSE,"not connected"
8,"EO29",8,35,"EO26",27,27341.9,FALSE,FALSE,FALSE,"not connected"
19,"EO18",13,40,"EO72",32,27348.8,FALSE,FALSE,FALSE,"not connected"
9,"EO27",9,21,"EO25",15,27535.7,FALSE,FALSE,FALSE,"not connected"
3,"EO52",3,6,"EO32",6,27565.8,FALSE,FALSE,FALSE,"not connected"
2,"EO76",2,6,"EO32",6,27776.8,FALSE,FALSE,FALSE,"not connected"
18,"EO18",13,40,"EO72",32,27903.2,FALSE,FALSE,FALSE,"not connected"
20,"EO25",14,40,"EO72",32,28002.1,FALSE,FALSE,FALSE,"not connected"
9,"EO27",9,20,"EO25",14,28160.2,FALSE,FALSE,FALSE,"not connected"
11,"EO27",11,22,"EO24",16,28260.6,FALSE,FALSE,FALSE,"not connected"
4,"EO118",4,5,"EO68",5,28441.9,FALSE,FALSE,FALSE,"not connected"
12,"EO27",11,22,"EO24",16,28605.9,FALSE,FALSE,FALSE,"not connected"
11,"EO27",11,23,"EO24",17,28914.7,FALSE,FALSE,FALSE,"not connected"
22,"EO24",16,37,"EO27",29,29157.9,FALSE,FALSE,FALSE,"not connected"
11,"EO27",11,24,"EO24",18,29222.6,FALSE,FALSE,FALSE,"not connected"
12,"EO27",11,23,"EO24",17,29262.5,FALSE,FALSE,FALSE,"not connected"
12,"EO27",11,24,"EO24",18,29577.4,FALSE,FALSE,FALSE,"not connected"
23,"EO24",17,37,"EO27",29,29821.5,FALSE,FALSE,FALSE,"not connected"
11,"EO27",11,16,"EO18",13,29879.1,FALSE,FALSE,FALSE,"not connected"
11,"EO27",11,25,"EO24",19,30002.1,FALSE,FALSE,FALSE,"not connected"
3,"EO52",3,7,"EO48",7,30064.3,FALSE,FALSE,FALSE,"not connected"
24,"EO24",18,37,"EO27",29,30158.3,FALSE,FALSE,FALSE,"not connected"
2,"EO76",2,7,"EO48",7,30241.4,FALSE,FALSE,FALSE,"not connected"
12,"EO27",11,16,"EO18",13,30309.6,FALSE,FALSE,FALSE,"not connected"
12,"EO27",11,25,"EO24",19,30351.1,FALSE,FALSE,FALSE,"not connected"
11,"EO27",11,17,"EO18",13,30412.5,FALSE,FALSE,FALSE,"not connected"
11,"EO27",11,15,"EO18",13,30455.1,FALSE,FALSE,FALSE,"not connected"
12,"EO27",11,17,"EO18",13,30840.4,FALSE,FALSE,FALSE,"not connected"
11,"EO27",11,19,"EO18",13,30869.8,FALSE,FALSE,FALSE,"not connected"
12,"EO27",11,15,"EO18",13,30878.2,FALSE,FALSE,FALSE,"not connected"
25,"EO24",19,37,"EO27",29,30912.8,FALSE,FALSE,FALSE,"not connected"
2,"EO76",2,26,"EO70",20,31095.1,FALSE,FALSE,FALSE,"not connected"
11,"EO27",11,18,"EO18",13,31139.4,FALSE,FALSE,FALSE,"not connected"
16,"EO18",13,37,"EO27",29,31144.1,FALSE,FALSE,FALSE,"not connected"
1,"EO38",1,25,"EO24",19,31205.6,FALSE,FALSE,FALSE,"not connected"
12,"EO27",11,19,"EO18",13,31292.3,FALSE,FALSE,FALSE,"not connected"
1,"EO38",1,22,"EO24",16,31368.6,FALSE,FALSE,FALSE,"not connected"
1,"EO38",1,23,"EO24",17,31372.1,FALSE,FALSE,FALSE,"not connected"
11,"EO27",11,21,"EO25",15,31408.2,FALSE,FALSE,FALSE,"not connected"
12,"EO27",11,18,"EO18",13,31569.5,FALSE,FALSE,FALSE,"not connected"
17,"EO18",13,37,"EO27",29,31665.2,FALSE,FALSE,FALSE,"not connected"
15,"EO18",13,37,"EO27",29,31685.5,FALSE,FALSE,FALSE,"not connected"
12,"EO27",11,21,"EO25",15,31812.1,FALSE,FALSE,FALSE,"not connected"
1,"EO38",1,24,"EO24",18,31827.3,FALSE,FALSE,FALSE,"not connected"
11,"EO27",11,20,"EO25",14,32055.4,FALSE,FALSE,FALSE,"not connected"
19,"EO18",13,37,"EO27",29,32097.3,FALSE,FALSE,FALSE,"not connected"
18,"EO18",13,37,"EO27",29,32401.6,FALSE,FALSE,FALSE,"not connected"
12,"EO27",11,20,"EO25",14,32465.1,FALSE,FALSE,FALSE,"not connected"
21,"EO25",15,37,"EO27",29,32552,FALSE,FALSE,FALSE,"not connected"
2,"EO76",2,25,"EO24",19,32574.1,FALSE,FALSE,FALSE,"not connected"
2,"EO76",2,23,"EO24",17,33094.4,FALSE,FALSE,FALSE,"not connected"
8,"EO29",8,13,"EO30",12,33140.2,FALSE,FALSE,FALSE,"not connected"
20,"EO25",14,37,"EO27",29,33224.4,FALSE,FALSE,FALSE,"not connected"
2,"EO76",2,22,"EO24",16,33318.2,FALSE,FALSE,FALSE,"not connected"
2,"EO76",2,24,"EO24",18,33379.4,FALSE,FALSE,FALSE,"not connected"
2,"EO76",2,5,"EO68",5,33438.1,FALSE,FALSE,FALSE,"not connected"
7,"EO48",7,13,"EO30",12,34259.4,FALSE,FALSE,FALSE,"not connected"
6,"EO32",6,13,"EO30",12,34978.5,FALSE,FALSE,FALSE,"not connected"
4,"EO118",4,6,"EO32",6,35018.2,FALSE,FALSE,FALSE,"not connected"
3,"EO52",3,25,"EO24",19,35031.3,FALSE,FALSE,FALSE,"not connected"
3,"EO52",3,23,"EO24",17,35361.6,FALSE,FALSE,FALSE,"not connected"
3,"EO52",3,22,"EO24",16,35460.3,FALSE,FALSE,FALSE,"not connected"
3,"EO52",3,24,"EO24",18,35746.1,FALSE,FALSE,FALSE,"not connected"
1,"EO38",1,21,"EO25",15,35841.4,FALSE,FALSE,FALSE,"not connected"
2,"EO76",2,21,"EO25",15,36297.5,FALSE,FALSE,FALSE,"not connected"
3,"EO52",3,26,"EO70",20,36365.9,FALSE,FALSE,FALSE,"not connected"
1,"EO38",1,20,"EO25",14,36419.3,FALSE,FALSE,FALSE,"not connected"
2,"EO76",2,20,"EO25",14,36624.5,FALSE,FALSE,FALSE,"not connected"
1,"EO38",1,40,"EO72",32,36943.1,FALSE,FALSE,FALSE,"not connected"
4,"EO118",4,7,"EO48",7,37483,FALSE,FALSE,FALSE,"not connected"
1,"EO38",1,19,"EO18",13,37655.6,FALSE,FALSE,FALSE,"not connected"
1,"EO38",1,15,"EO18",13,37732.2,FALSE,FALSE,FALSE,"not connected"
1,"EO38",1,18,"EO18",13,38083.9,FALSE,FALSE,FALSE,"not connected"
2,"EO76",2,19,"EO18",13,38164.2,FALSE,FALSE,FALSE,"not connected"
1,"EO38",1,16,"EO18",13,38181.1,FALSE,FALSE,FALSE,"not connected"
1,"EO38",1,17,"EO18",13,38188.6,FALSE,FALSE,FALSE,"not connected"
2,"EO76",2,15,"EO18",13,38381.4,FALSE,FALSE,FALSE,"not connected"
2,"EO76",2,18,"EO18",13,38460.9,FALSE,FALSE,FALSE,"not connected"
2,"EO76",2,17,"EO18",13,38811.8,FALSE,FALSE,FALSE,"not connected"
1,"EO38",1,39,"EO67",31,38910,FALSE,FALSE,FALSE,"not connected"
3,"EO52",3,5,"EO68",5,38973.2,FALSE,FALSE,FALSE,"not connected"
2,"EO76",2,16,"EO18",13,38979.4,FALSE,FALSE,FALSE,"not connected"
4,"EO118",4,25,"EO24",19,39315.2,FALSE,FALSE,FALSE,"not connected"
3,"EO52",3,21,"EO25",15,39318.4,FALSE,FALSE,FALSE,"not connected"
3,"EO52",3,20,"EO25",14,39789.5,FALSE,FALSE,FALSE,"not connected"
4,"EO118",4,23,"EO24",17,39900.9,FALSE,FALSE,FALSE,"not connected"
4,"EO118",4,24,"EO24",18,40147.3,FALSE,FALSE,FALSE,"not connected"
4,"EO118",4,22,"EO24",16,40165.8,FALSE,FALSE,FALSE,"not connected"
3,"EO52",3,19,"EO18",13,41178.9,FALSE,FALSE,FALSE,"not connected"
3,"EO52",3,15,"EO18",13,41319.6,FALSE,FALSE,FALSE,"not connected"
3,"EO52",3,18,"EO18",13,41552.6,FALSE,FALSE,FALSE,"not connected"
13,"EO30",12,22,"EO24",16,41621.5,FALSE,FALSE,FALSE,"not connected"
3,"EO52",3,17,"EO18",13,41771.4,FALSE,FALSE,FALSE,"not connected"
3,"EO52",3,16,"EO18",13,41840.3,FALSE,FALSE,FALSE,"not connected"
1,"EO38",1,26,"EO70",20,42200.4,FALSE,FALSE,FALSE,"not connected"
13,"EO30",12,23,"EO24",17,42303.1,FALSE,FALSE,FALSE,"not connected"
13,"EO30",12,24,"EO24",18,42747,FALSE,FALSE,FALSE,"not connected"
4,"EO118",4,21,"EO25",15,42802,FALSE,FALSE,FALSE,"not connected"
4,"EO118",4,20,"EO25",14,43071.1,FALSE,FALSE,FALSE,"not connected"
3,"EO52",3,40,"EO72",32,43102.4,FALSE,FALSE,FALSE,"not connected"
8,"EO29",8,37,"EO27",29,43142.1,FALSE,FALSE,FALSE,"not connected"
13,"EO30",12,25,"EO24",19,43377.6,FALSE,FALSE,FALSE,"not connected"
8,"EO29",8,12,"EO27",11,43516,FALSE,FALSE,FALSE,"not connected"
8,"EO29",8,11,"EO27",11,43955.7,FALSE,FALSE,FALSE,"not connected"
2,"EO76",2,40,"EO72",32,44483.3,FALSE,FALSE,FALSE,"not connected"
4,"EO118",4,19,"EO18",13,44656.6,FALSE,FALSE,FALSE,"not connected"
1,"EO38",1,5,"EO68",5,44693.6,FALSE,FALSE,FALSE,"not connected"
1,"EO38",1,10,"EO27",10,44746.2,FALSE,FALSE,FALSE,"not connected"
13,"EO30",12,38,"EO61",30,44877.3,FALSE,FALSE,FALSE,"not connected"
3,"EO52",3,39,"EO67",31,44887.8,FALSE,FALSE,FALSE,"not connected"
4,"EO118",4,15,"EO18",13,44900.4,FALSE,FALSE,FALSE,"not connected"
13,"EO30",12,16,"EO18",13,44914.2,FALSE,FALSE,FALSE,"not connected"
4,"EO118",4,18,"EO18",13,44920,FALSE,FALSE,FALSE,"not connected"
4,"EO118",4,17,"EO18",13,45318.8,FALSE,FALSE,FALSE,"not connected"
13,"EO30",12,15,"EO18",13,45339.4,FALSE,FALSE,FALSE,"not connected"
13,"EO30",12,17,"EO18",13,45393.6,FALSE,FALSE,FALSE,"not connected"
4,"EO118",4,16,"EO18",13,45521.9,FALSE,FALSE,FALSE,"not connected"
2,"EO76",2,39,"EO67",31,45727.5,FALSE,FALSE,FALSE,"not connected"
13,"EO30",12,19,"EO18",13,45732.8,FALSE,FALSE,FALSE,"not connected"
13,"EO30",12,21,"EO25",15,45887.2,FALSE,FALSE,FALSE,"not connected"
13,"EO30",12,18,"EO18",13,46152,FALSE,FALSE,FALSE,"not connected"
1,"EO38",1,9,"EO27",9,46237.7,FALSE,FALSE,FALSE,"not connected"
13,"EO30",12,20,"EO25",14,46640.5,FALSE,FALSE,FALSE,"not connected"
1,"EO38",1,37,"EO27",29,47597.2,FALSE,FALSE,FALSE,"not connected"
1,"EO38",1,11,"EO27",11,47912.4,FALSE,FALSE,FALSE,"not connected"
1,"EO38",1,12,"EO27",11,47943.5,FALSE,FALSE,FALSE,"not connected"
8,"EO29",8,9,"EO27",9,48207.5,FALSE,FALSE,FALSE,"not connected"
3,"EO52",3,10,"EO27",10,50526,FALSE,FALSE,FALSE,"not connected"
8,"EO29",8,10,"EO27",10,50722.8,FALSE,FALSE,FALSE,"not connected"
2,"EO76",2,10,"EO27",10,50804.1,FALSE,FALSE,FALSE,"not connected"
4,"EO118",4,40,"EO72",32,51709.3,FALSE,FALSE,FALSE,"not connected"
8,"EO29",8,40,"EO72",32,51856.4,FALSE,FALSE,FALSE,"not connected"
3,"EO52",3,9,"EO27",9,52135.3,FALSE,FALSE,FALSE,"not connected"
8,"EO29",8,39,"EO67",31,52256.4,FALSE,FALSE,FALSE,"not connected"
13,"EO30",12,29,"EO08",23,52295.1,FALSE,FALSE,FALSE,"not connected"
1,"EO38",1,13,"EO30",12,52379.9,FALSE,FALSE,FALSE,"not connected"
2,"EO76",2,9,"EO27",9,52678.8,FALSE,FALSE,FALSE,"not connected"
4,"EO118",4,39,"EO67",31,52971.3,FALSE,FALSE,FALSE,"not connected"
37,"EO27",29,38,"EO61",30,53269.3,FALSE,FALSE,FALSE,"not connected"
12,"EO27",11,38,"EO61",30,53434.1,FALSE,FALSE,FALSE,"not connected"
13,"EO30",12,28,"EO08",22,53570.8,FALSE,FALSE,FALSE,"not connected"
11,"EO27",11,38,"EO61",30,53711.1,FALSE,FALSE,FALSE,"not connected"
3,"EO52",3,37,"EO27",29,53726.7,FALSE,FALSE,FALSE,"not connected"
13,"EO30",12,27,"EO08",21,53953.3,FALSE,FALSE,FALSE,"not connected"
3,"EO52",3,11,"EO27",11,53971.9,FALSE,FALSE,FALSE,"not connected"
3,"EO52",3,12,"EO27",11,54023.4,FALSE,FALSE,FALSE,"not connected"
2,"EO76",2,37,"EO27",29,54896.1,FALSE,FALSE,FALSE,"not connected"
2,"EO76",2,11,"EO27",11,54929.4,FALSE,FALSE,FALSE,"not connected"
2,"EO76",2,12,"EO27",11,55039.4,FALSE,FALSE,FALSE,"not connected"
13,"EO30",12,36,"EO26",28,55290.2,FALSE,FALSE,FALSE,"not connected"
13,"EO30",12,34,"EO26",26,55564.8,FALSE,FALSE,FALSE,"not connected"
13,"EO30",12,33,"EO26",26,55949.6,FALSE,FALSE,FALSE,"not connected"
13,"EO30",12,32,"EO26",25,56574.5,FALSE,FALSE,FALSE,"not connected"
25,"EO24",19,26,"EO70",20,56588.3,FALSE,FALSE,FALSE,"not connected"
13,"EO30",12,31,"EO26",25,57058.1,FALSE,FALSE,FALSE,"not connected"
6,"EO32",6,26,"EO70",20,57120.7,FALSE,FALSE,FALSE,"not connected"
23,"EO24",17,26,"EO70",20,57488.7,FALSE,FALSE,FALSE,"not connected"
24,"EO24",18,26,"EO70",20,57491.2,FALSE,FALSE,FALSE,"not connected"
5,"EO68",5,25,"EO24",19,57705.9,FALSE,FALSE,FALSE,"not connected"
13,"EO30",12,30,"EO26",24,57783.4,FALSE,FALSE,FALSE,"not connected"
9,"EO27",9,38,"EO61",30,57821.3,FALSE,FALSE,FALSE,"not connected"
22,"EO24",16,26,"EO70",20,57974.1,FALSE,FALSE,FALSE,"not connected"
4,"EO118",4,10,"EO27",10,58041.6,FALSE,FALSE,FALSE,"not connected"
20,"EO25",14,26,"EO70",20,58177.1,FALSE,FALSE,FALSE,"not connected"
21,"EO25",15,26,"EO70",20,58319.8,FALSE,FALSE,FALSE,"not connected"
5,"EO68",5,24,"EO24",18,58607.5,FALSE,FALSE,FALSE,"not connected"
5,"EO68",5,23,"EO24",17,58635.8,FALSE,FALSE,FALSE,"not connected"
3,"EO52",3,13,"EO30",12,58782.4,FALSE,FALSE,FALSE,"not connected"
5,"EO68",5,6,"EO32",6,58878,FALSE,FALSE,FALSE,"not connected"
5,"EO68",5,20,"EO25",14,59006,FALSE,FALSE,FALSE,"not connected"
5,"EO68",5,22,"EO24",16,59144,FALSE,FALSE,FALSE,"not connected"
5,"EO68",5,21,"EO25",15,59198.2,FALSE,FALSE,FALSE,"not connected"
7,"EO48",7,26,"EO70",20,59351.4,FALSE,FALSE,FALSE,"not connected"
4,"EO118",4,9,"EO27",9,59920.5,FALSE,FALSE,FALSE,"not connected"
19,"EO18",13,26,"EO70",20,59921.6,FALSE,FALSE,FALSE,"not connected"
18,"EO18",13,26,"EO70",20,59955.4,FALSE,FALSE,FALSE,"not connected"
13,"EO30",12,35,"EO26",27,59977.5,FALSE,FALSE,FALSE,"not connected"
10,"EO27",10,38,"EO61",30,60277.4,FALSE,FALSE,FALSE,"not connected"
15,"EO18",13,26,"EO70",20,60309.7,FALSE,FALSE,FALSE,"not connected"
17,"EO18",13,26,"EO70",20,60614.8,FALSE,FALSE,FALSE,"not connected"
5,"EO68",5,19,"EO18",13,60750.2,FALSE,FALSE,FALSE,"not connected"
5,"EO68",5,18,"EO18",13,60755.1,FALSE,FALSE,FALSE,"not connected"
16,"EO18",13,26,"EO70",20,61026.3,FALSE,FALSE,FALSE,"not connected"
5,"EO68",5,7,"EO48",7,61058,FALSE,FALSE,FALSE,"not connected"
5,"EO68",5,15,"EO18",13,61151.9,FALSE,FALSE,FALSE,"not connected"
2,"EO76",2,13,"EO30",12,61409.5,FALSE,FALSE,FALSE,"not connected"
5,"EO68",5,17,"EO18",13,61439.5,FALSE,FALSE,FALSE,"not connected"
5,"EO68",5,16,"EO18",13,61872.5,FALSE,FALSE,FALSE,"not connected"
4,"EO118",4,37,"EO27",29,62137.4,FALSE,FALSE,FALSE,"not connected"
4,"EO118",4,11,"EO27",11,62173.4,FALSE,FALSE,FALSE,"not connected"
4,"EO118",4,12,"EO27",11,62283.4,FALSE,FALSE,FALSE,"not connected"
38,"EO61",30,39,"EO67",31,62696.5,FALSE,FALSE,FALSE,"not connected"
38,"EO61",30,40,"EO72",32,62769.7,FALSE,FALSE,FALSE,"not connected"
29,"EO08",23,37,"EO27",29,62859,FALSE,FALSE,FALSE,"not connected"
12,"EO27",11,29,"EO08",23,63236.5,FALSE,FALSE,FALSE,"not connected"
11,"EO27",11,29,"EO08",23,63671.3,FALSE,FALSE,FALSE,"not connected"
28,"EO08",22,37,"EO27",29,63875.8,FALSE,FALSE,FALSE,"not connected"
27,"EO08",21,37,"EO27",29,64147.4,FALSE,FALSE,FALSE,"not connected"
12,"EO27",11,28,"EO08",22,64221.2,FALSE,FALSE,FALSE,"not connected"
12,"EO27",11,27,"EO08",21,64479.5,FALSE,FALSE,FALSE,"not connected"
11,"EO27",11,28,"EO08",22,64631.6,FALSE,FALSE,FALSE,"not connected"
11,"EO27",11,27,"EO08",21,64879.9,FALSE,FALSE,FALSE,"not connected"
36,"EO26",28,37,"EO27",29,65855.6,FALSE,FALSE,FALSE,"not connected"
34,"EO26",26,37,"EO27",29,65980.5,FALSE,FALSE,FALSE,"not connected"
12,"EO27",11,36,"EO26",28,66227.7,FALSE,FALSE,FALSE,"not connected"
12,"EO27",11,34,"EO26",26,66334.9,FALSE,FALSE,FALSE,"not connected"
33,"EO26",26,37,"EO27",29,66415,FALSE,FALSE,FALSE,"not connected"
11,"EO27",11,36,"EO26",28,66657.6,FALSE,FALSE,FALSE,"not connected"
11,"EO27",11,34,"EO26",26,66751.4,FALSE,FALSE,FALSE,"not connected"
12,"EO27",11,33,"EO26",26,66774.4,FALSE,FALSE,FALSE,"not connected"
32,"EO26",25,37,"EO27",29,67027.5,FALSE,FALSE,FALSE,"not connected"
7,"EO48",7,8,"EO29",8,67089.1,FALSE,FALSE,FALSE,"not connected"
11,"EO27",11,33,"EO26",26,67194.6,FALSE,FALSE,FALSE,"not connected"
12,"EO27",11,32,"EO26",25,67384.3,FALSE,FALSE,FALSE,"not connected"
31,"EO26",25,37,"EO27",29,67547.6,FALSE,FALSE,FALSE,"not connected"
11,"EO27",11,32,"EO26",25,67802.4,FALSE,FALSE,FALSE,"not connected"
12,"EO27",11,31,"EO26",25,67907.8,FALSE,FALSE,FALSE,"not connected"
9,"EO27",9,29,"EO08",23,67917.3,FALSE,FALSE,FALSE,"not connected"
6,"EO32",6,8,"EO29",8,68054,FALSE,FALSE,FALSE,"not connected"
30,"EO26",24,37,"EO27",29,68308.7,FALSE,FALSE,FALSE,"not connected"
11,"EO27",11,31,"EO26",25,68328.4,FALSE,FALSE,FALSE,"not connected"
4,"EO118",4,13,"EO30",12,68438.7,FALSE,FALSE,FALSE,"not connected"
12,"EO27",11,30,"EO26",24,68671.9,FALSE,FALSE,FALSE,"not connected"
9,"EO27",9,28,"EO08",22,68862.1,FALSE,FALSE,FALSE,"not connected"
11,"EO27",11,30,"EO26",24,69094.4,FALSE,FALSE,FALSE,"not connected"
9,"EO27",9,27,"EO08",21,69103.2,FALSE,FALSE,FALSE,"not connected"
10,"EO27",10,29,"EO08",23,70430.2,FALSE,FALSE,FALSE,"not connected"
35,"EO26",27,37,"EO27",29,70519.9,FALSE,FALSE,FALSE,"not connected"
12,"EO27",11,35,"EO26",27,70881.5,FALSE,FALSE,FALSE,"not connected"
9,"EO27",9,36,"EO26",28,70900.4,FALSE,FALSE,FALSE,"not connected"
9,"EO27",9,34,"EO26",26,70985.7,FALSE,FALSE,FALSE,"not connected"
11,"EO27",11,35,"EO26",27,71302.5,FALSE,FALSE,FALSE,"not connected"
10,"EO27",10,28,"EO08",22,71368.9,FALSE,FALSE,FALSE,"not connected"
29,"EO08",23,40,"EO72",32,71391.8,FALSE,FALSE,FALSE,"not connected"
9,"EO27",9,33,"EO26",26,71431.3,FALSE,FALSE,FALSE,"not connected"
10,"EO27",10,27,"EO08",21,71607.2,FALSE,FALSE,FALSE,"not connected"
29,"EO08",23,39,"EO67",31,71926.1,FALSE,FALSE,FALSE,"not connected"
9,"EO27",9,32,"EO26",25,72037.7,FALSE,FALSE,FALSE,"not connected"
28,"EO08",22,40,"EO72",32,72558.6,FALSE,FALSE,FALSE,"not connected"
9,"EO27",9,31,"EO26",25,72565.2,FALSE,FALSE,FALSE,"not connected"
8,"EO29",8,22,"EO24",16,72639.7,FALSE,FALSE,FALSE,"not connected"
27,"EO08",21,40,"EO72",32,72891.7,FALSE,FALSE,FALSE,"not connected"
28,"EO08",22,39,"EO67",31,73010,FALSE,FALSE,FALSE,"not connected"
8,"EO29",8,23,"EO24",17,73303.3,FALSE,FALSE,FALSE,"not connected"
27,"EO08",21,39,"EO67",31,73308.1,FALSE,FALSE,FALSE,"not connected"
9,"EO27",9,30,"EO26",24,73332.5,FALSE,FALSE,FALSE,"not connected"
10,"EO27",10,36,"EO26",28,73412,FALSE,FALSE,FALSE,"not connected"
10,"EO27",10,34,"EO26",26,73494,FALSE,FALSE,FALSE,"not connected"
8,"EO29",8,24,"EO24",18,73636.4,FALSE,FALSE,FALSE,"not connected"
10,"EO27",10,33,"EO26",26,73940.5,FALSE,FALSE,FALSE,"not connected"
8,"EO29",8,16,"EO18",13,74094.2,FALSE,FALSE,FALSE,"not connected"
8,"EO29",8,25,"EO24",19,74394.4,FALSE,FALSE,FALSE,"not connected"
36,"EO26",28,40,"EO72",32,74398.1,FALSE,FALSE,FALSE,"not connected"
26,"EO70",20,40,"EO72",32,74490.7,FALSE,FALSE,FALSE,"not connected"
10,"EO27",10,32,"EO26",25,74546.4,FALSE,FALSE,FALSE,"not connected"
34,"EO26",26,40,"EO72",32,74609.3,FALSE,FALSE,FALSE,"not connected"
8,"EO29",8,17,"EO18",13,74650.5,FALSE,FALSE,FALSE,"not connected"
8,"EO29",8,15,"EO18",13,74737.8,FALSE,FALSE,FALSE,"not connected"
26,"EO70",20,39,"EO67",31,74927.1,FALSE,FALSE,FALSE,"not connected"
36,"EO26",28,39,"EO67",31,74930.6,FALSE,FALSE,FALSE,"not connected"
33,"EO26",26,40,"EO72",32,75017,FALSE,FALSE,FALSE,"not connected"
10,"EO27",10,31,"EO26",25,75074.4,FALSE,FALSE,FALSE,"not connected"
34,"EO26",26,39,"EO67",31,75093.7,FALSE,FALSE,FALSE,"not connected"
8,"EO29",8,19,"EO18",13,75155.9,FALSE,FALSE,FALSE,"not connected"
8,"EO29",8,18,"EO18",13,75352.5,FALSE,FALSE,FALSE,"not connected"
33,"EO26",26,39,"EO67",31,75517,FALSE,FALSE,FALSE,"not connected"
9,"EO27",9,35,"EO26",27,75539.2,FALSE,FALSE,FALSE,"not connected"
32,"EO26",25,40,"EO72",32,75638.6,FALSE,FALSE,FALSE,"not connected"
8,"EO29",8,21,"EO25",15,75810.4,FALSE,FALSE,FALSE,"not connected"
10,"EO27",10,30,"EO26",24,75842.2,FALSE,FALSE,FALSE,"not connected"
32,"EO26",25,39,"EO67",31,76134.1,FALSE,FALSE,FALSE,"not connected"
31,"EO26",25,40,"EO72",32,76139.5,FALSE,FALSE,FALSE,"not connected"
5,"EO68",5,40,"EO72",32,76262.5,FALSE,FALSE,FALSE,"not connected"
8,"EO29",8,20,"EO25",14,76427.9,FALSE,FALSE,FALSE,"not connected"
5,"EO68",5,39,"EO67",31,76560.8,FALSE,FALSE,FALSE,"not connected"
31,"EO26",25,39,"EO67",31,76646.3,FALSE,FALSE,FALSE,"not connected"
30,"EO26",24,40,"EO72",32,76882.4,FALSE,FALSE,FALSE,"not connected"
30,"EO26",24,39,"EO67",31,77400.2,FALSE,FALSE,FALSE,"not connected"
7,"EO48",7,38,"EO61",30,77997.8,FALSE,FALSE,FALSE,"not connected"
10,"EO27",10,35,"EO26",27,78048.3,FALSE,FALSE,FALSE,"not connected"
10,"EO27",10,26,"EO70",20,78907.2,FALSE,FALSE,FALSE,"not connected"
35,"EO26",27,40,"EO72",32,79090.2,FALSE,FALSE,FALSE,"not connected"
6,"EO32",6,38,"EO61",30,79140.6,FALSE,FALSE,FALSE,"not connected"
35,"EO26",27,39,"EO67",31,79612.2,FALSE,FALSE,FALSE,"not connected"
5,"EO68",5,10,"EO27",10,80353.2,FALSE,FALSE,FALSE,"not connected"
9,"EO27",9,26,"EO70",20,81146.9,FALSE,FALSE,FALSE,"not connected"
22,"EO24",16,38,"EO61",30,82521.9,FALSE,FALSE,FALSE,"not connected"
5,"EO68",5,9,"EO27",9,82635.5,FALSE,FALSE,FALSE,"not connected"
23,"EO24",17,38,"EO61",30,83166.3,FALSE,FALSE,FALSE,"not connected"
16,"EO18",13,38,"EO61",30,83169.3,FALSE,FALSE,FALSE,"not connected"
24,"EO24",18,38,"EO61",30,83443.6,FALSE,FALSE,FALSE,"not connected"
17,"EO18",13,38,"EO61",30,83743.2,FALSE,FALSE,FALSE,"not connected"
15,"EO18",13,38,"EO61",30,83889.5,FALSE,FALSE,FALSE,"not connected"
11,"EO27",11,26,"EO70",20,84005.4,FALSE,FALSE,FALSE,"not connected"
12,"EO27",11,26,"EO70",20,84207.1,FALSE,FALSE,FALSE,"not connected"
25,"EO24",19,38,"EO61",30,84247.2,FALSE,FALSE,FALSE,"not connected"
19,"EO18",13,38,"EO61",30,84307.7,FALSE,FALSE,FALSE,"not connected"
26,"EO70",20,37,"EO27",29,84309,FALSE,FALSE,FALSE,"not connected"
18,"EO18",13,38,"EO61",30,84410.7,FALSE,FALSE,FALSE,"not connected"
21,"EO25",15,38,"EO61",30,85158.1,FALSE,FALSE,FALSE,"not connected"
5,"EO68",5,11,"EO27",11,85583.8,FALSE,FALSE,FALSE,"not connected"
1,"EO38",1,8,"EO29",8,85612,FALSE,FALSE,FALSE,"not connected"
20,"EO25",14,38,"EO61",30,85706.4,FALSE,FALSE,FALSE,"not connected"
5,"EO68",5,12,"EO27",11,85800.1,FALSE,FALSE,FALSE,"not connected"
5,"EO68",5,37,"EO27",29,85942.9,FALSE,FALSE,FALSE,"not connected"
7,"EO48",7,29,"EO08",23,86581.6,FALSE,FALSE,FALSE,"not connected"
6,"EO32",6,29,"EO08",23,87455.3,FALSE,FALSE,FALSE,"not connected"
7,"EO48",7,28,"EO08",22,87770.7,FALSE,FALSE,FALSE,"not connected"
7,"EO48",7,27,"EO08",21,88111.7,FALSE,FALSE,FALSE,"not connected"
6,"EO32",6,28,"EO08",22,88679.9,FALSE,FALSE,FALSE,"not connected"
6,"EO32",6,27,"EO08",21,89035.9,FALSE,FALSE,FALSE,"not connected"
7,"EO48",7,36,"EO26",28,89586.6,FALSE,FALSE,FALSE,"not connected"
7,"EO48",7,34,"EO26",26,89811.8,FALSE,FALSE,FALSE,"not connected"
7,"EO48",7,33,"EO26",26,90215,FALSE,FALSE,FALSE,"not connected"
6,"EO32",6,36,"EO26",28,90456.9,FALSE,FALSE,FALSE,"not connected"
6,"EO32",6,34,"EO26",26,90703.6,FALSE,FALSE,FALSE,"not connected"
7,"EO48",7,32,"EO26",25,90837.5,FALSE,FALSE,FALSE,"not connected"
6,"EO32",6,33,"EO26",26,91099.2,FALSE,FALSE,FALSE,"not connected"
7,"EO48",7,31,"EO26",25,91334.9,FALSE,FALSE,FALSE,"not connected"
6,"EO32",6,32,"EO26",25,91723,FALSE,FALSE,FALSE,"not connected"
3,"EO52",3,8,"EO29",8,92016.6,FALSE,FALSE,FALSE,"not connected"
7,"EO48",7,30,"EO26",24,92074,FALSE,FALSE,FALSE,"not connected"
6,"EO32",6,31,"EO26",25,92214.6,FALSE,FALSE,FALSE,"not connected"
22,"EO24",16,29,"EO08",23,92356.5,FALSE,FALSE,FALSE,"not connected"
13,"EO30",12,26,"EO70",20,92522.8,FALSE,FALSE,FALSE,"not connected"
6,"EO32",6,30,"EO26",24,92947.9,FALSE,FALSE,FALSE,"not connected"
23,"EO24",17,29,"EO08",23,93020.8,FALSE,FALSE,FALSE,"not connected"
24,"EO24",18,29,"EO08",23,93355.7,FALSE,FALSE,FALSE,"not connected"
22,"EO24",16,28,"EO08",22,93369.3,FALSE,FALSE,FALSE,"not connected"
22,"EO24",16,27,"EO08",21,93635.7,FALSE,FALSE,FALSE,"not connected"
16,"EO18",13,29,"EO08",23,93766.2,FALSE,FALSE,FALSE,"not connected"
23,"EO24",17,28,"EO08",22,94031,FALSE,FALSE,FALSE,"not connected"
25,"EO24",19,29,"EO08",23,94112.1,FALSE,FALSE,FALSE,"not connected"
7,"EO48",7,35,"EO26",27,94279.4,FALSE,FALSE,FALSE,"not connected"
23,"EO24",17,27,"EO08",21,94296.1,FALSE,FALSE,FALSE,"not connected"
17,"EO18",13,29,"EO08",23,94325.5,FALSE,FALSE,FALSE,"not connected"
24,"EO24",18,28,"EO08",22,94356.9,FALSE,FALSE,FALSE,"not connected"
15,"EO18",13,29,"EO08",23,94421,FALSE,FALSE,FALSE,"not connected"
5,"EO68",5,13,"EO30",12,94494.7,FALSE,FALSE,FALSE,"not connected"
24,"EO24",18,27,"EO08",21,94618.2,FALSE,FALSE,FALSE,"not connected"
16,"EO18",13,28,"EO08",22,94649.1,FALSE,FALSE,FALSE,"not connected"
2,"EO76",2,8,"EO29",8,94810,FALSE,FALSE,FALSE,"not connected"
19,"EO18",13,29,"EO08",23,94839.4,FALSE,FALSE,FALSE,"not connected"
16,"EO18",13,27,"EO08",21,94861.9,FALSE,FALSE,FALSE,"not connected"
18,"EO18",13,29,"EO08",23,95023,FALSE,FALSE,FALSE,"not connected"
25,"EO24",19,28,"EO08",22,95121.4,FALSE,FALSE,FALSE,"not connected"
6,"EO32",6,35,"EO26",27,95148.7,FALSE,FALSE,FALSE,"not connected"
17,"EO18",13,28,"EO08",22,95211.5,FALSE,FALSE,FALSE,"not connected"
15,"EO18",13,28,"EO08",22,95316.4,FALSE,FALSE,FALSE,"not connected"
22,"EO24",16,36,"EO26",28,95353.3,FALSE,FALSE,FALSE,"not connected"
25,"EO24",19,27,"EO08",21,95386.1,FALSE,FALSE,FALSE,"not connected"
17,"EO18",13,27,"EO08",21,95425.4,FALSE,FALSE,FALSE,"not connected"
22,"EO24",16,34,"EO26",26,95476.5,FALSE,FALSE,FALSE,"not connected"
21,"EO25",15,29,"EO08",23,95515.7,FALSE,FALSE,FALSE,"not connected"
15,"EO18",13,27,"EO08",21,95534.2,FALSE,FALSE,FALSE,"not connected"
19,"EO18",13,28,"EO08",22,95735,FALSE,FALSE,FALSE,"not connected"
18,"EO18",13,28,"EO08",22,95903.9,FALSE,FALSE,FALSE,"not connected"
22,"EO24",16,33,"EO26",26,95911.9,FALSE,FALSE,FALSE,"not connected"
19,"EO18",13,27,"EO08",21,95952.8,FALSE,FALSE,FALSE,"not connected"
23,"EO24",17,36,"EO26",28,96017.2,FALSE,FALSE,FALSE,"not connected"
18,"EO18",13,27,"EO08",21,96115.7,FALSE,FALSE,FALSE,"not connected"
20,"EO25",14,29,"EO08",23,96126.9,FALSE,FALSE,FALSE,"not connected"
23,"EO24",17,34,"EO26",26,96138.9,FALSE,FALSE,FALSE,"not connected"
24,"EO24",18,36,"EO26",28,96350.7,FALSE,FALSE,FALSE,"not connected"
21,"EO25",15,28,"EO08",22,96443,FALSE,FALSE,FALSE,"not connected"
24,"EO24",18,34,"EO26",26,96467.4,FALSE,FALSE,FALSE,"not connected"
22,"EO24",16,32,"EO26",25,96524,FALSE,FALSE,FALSE,"not connected"
23,"EO24",17,33,"EO26",26,96574.8,FALSE,FALSE,FALSE,"not connected"
21,"EO25",15,27,"EO08",21,96673.7,FALSE,FALSE,FALSE,"not connected"
16,"EO18",13,36,"EO26",28,96734.5,FALSE,FALSE,FALSE,"not connected"
16,"EO18",13,34,"EO26",26,96786,FALSE,FALSE,FALSE,"not connected"
24,"EO24",18,33,"EO26",26,96904.6,FALSE,FALSE,FALSE,"not connected"
20,"EO25",14,28,"EO08",22,97043.5,FALSE,FALSE,FALSE,"not connected"
22,"EO24",16,31,"EO26",25,97044.6,FALSE,FALSE,FALSE,"not connected"
25,"EO24",19,36,"EO26",28,97108.4,FALSE,FALSE,FALSE,"not connected"
23,"EO24",17,32,"EO26",25,97186.6,FALSE,FALSE,FALSE,"not connected"
25,"EO24",19,34,"EO26",26,97229.7,FALSE,FALSE,FALSE,"not connected"
16,"EO18",13,33,"EO26",26,97240.5,FALSE,FALSE,FALSE,"not connected"
20,"EO25",14,27,"EO08",21,97269.8,FALSE,FALSE,FALSE,"not connected"
17,"EO18",13,36,"EO26",28,97294.6,FALSE,FALSE,FALSE,"not connected"
17,"EO18",13,34,"EO26",26,97347.8,FALSE,FALSE,FALSE,"not connected"
15,"EO18",13,36,"EO26",28,97392.8,FALSE,FALSE,FALSE,"not connected"
15,"EO18",13,34,"EO26",26,97451,FALSE,FALSE,FALSE,"not connected"
24,"EO24",18,32,"EO26",25,97515.7,FALSE,FALSE,FALSE,"not connected"
1,"EO38",1,38,"EO61",30,97536.5,FALSE,FALSE,FALSE,"not connected"
25,"EO24",19,33,"EO26",26,97665.6,FALSE,FALSE,FALSE,"not connected"
23,"EO24",17,31,"EO26",25,97707.6,FALSE,FALSE,FALSE,"not connected"
17,"EO18",13,33,"EO26",26,97801.9,FALSE,FALSE,FALSE,"not connected"
22,"EO24",16,30,"EO26",24,97806.1,FALSE,FALSE,FALSE,"not connected"
19,"EO18",13,36,"EO26",28,97811.2,FALSE,FALSE,FALSE,"not connected"
16,"EO18",13,32,"EO26",25,97840.8,FALSE,FALSE,FALSE,"not connected"
19,"EO18",13,34,"EO26",26,97869.6,FALSE,FALSE,FALSE,"not connected"
15,"EO18",13,33,"EO26",26,97903.9,FALSE,FALSE,FALSE,"not connected"
18,"EO18",13,36,"EO26",28,97990.7,FALSE,FALSE,FALSE,"not connected"
24,"EO24",18,31,"EO26",25,98037.7,FALSE,FALSE,FALSE,"not connected"
18,"EO18",13,34,"EO26",26,98041.1,FALSE,FALSE,FALSE,"not connected"
25,"EO24",19,32,"EO26",25,98277.4,FALSE,FALSE,FALSE,"not connected"
19,"EO18",13,33,"EO26",26,98322.4,FALSE,FALSE,FALSE,"not connected"
16,"EO18",13,31,"EO26",25,98373.9,FALSE,FALSE,FALSE,"not connected"
17,"EO18",13,32,"EO26",25,98402.5,FALSE,FALSE,FALSE,"not connected"
23,"EO24",17,30,"EO26",24,98469.3,FALSE,FALSE,FALSE,"not connected"
21,"EO25",15,36,"EO26",28,98495.7,FALSE,FALSE,FALSE,"not connected"
18,"EO18",13,33,"EO26",26,98495.9,FALSE,FALSE,FALSE,"not connected"
15,"EO18",13,32,"EO26",25,98505.4,FALSE,FALSE,FALSE,"not connected"
21,"EO25",15,34,"EO26",26,98571.4,FALSE,FALSE,FALSE,"not connected"
25,"EO24",19,31,"EO26",25,98798.5,FALSE,FALSE,FALSE,"not connected"
24,"EO24",18,30,"EO26",24,98800.3,FALSE,FALSE,FALSE,"not connected"
19,"EO18",13,32,"EO26",25,98924,FALSE,FALSE,FALSE,"not connected"
17,"EO18",13,31,"EO26",25,98935.3,FALSE,FALSE,FALSE,"not connected"
21,"EO25",15,33,"EO26",26,99019.8,FALSE,FALSE,FALSE,"not connected"
15,"EO18",13,31,"EO26",25,99037.5,FALSE,FALSE,FALSE,"not connected"
18,"EO18",13,32,"EO26",25,99096,FALSE,FALSE,FALSE,"not connected"
20,"EO25",14,36,"EO26",28,99104.3,FALSE,FALSE,FALSE,"not connected"
16,"EO18",13,30,"EO26",24,99145.4,FALSE,FALSE,FALSE,"not connected"
20,"EO25",14,34,"EO26",26,99174.1,FALSE,FALSE,FALSE,"not connected"
19,"EO18",13,31,"EO26",25,99456,FALSE,FALSE,FALSE,"not connected"
25,"EO24",19,30,"EO26",24,99560.3,FALSE,FALSE,FALSE,"not connected"
20,"EO25",14,33,"EO26",26,99624,FALSE,FALSE,FALSE,"not connected"
21,"EO25",15,32,"EO26",25,99624.5,FALSE,FALSE,FALSE,"not connected"
18,"EO18",13,31,"EO26",25,99629.2,FALSE,FALSE,FALSE,"not connected"
17,"EO18",13,30,"EO26",24,99706.7,FALSE,FALSE,FALSE,"not connected"
15,"EO18",13,30,"EO26",24,99808.3,FALSE,FALSE,FALSE,"not connected"
22,"EO24",16,35,"EO26",27,100017.2,FALSE,FALSE,FALSE,"not connected"
21,"EO25",15,31,"EO26",25,100153.7,FALSE,FALSE,FALSE,"not connected"
19,"EO18",13,30,"EO26",24,100226.8,FALSE,FALSE,FALSE,"not connected"
20,"EO25",14,32,"EO26",25,100227.6,FALSE,FALSE,FALSE,"not connected"
18,"EO18",13,30,"EO26",24,100400.9,FALSE,FALSE,FALSE,"not connected"
23,"EO24",17,35,"EO26",27,100680.3,FALSE,FALSE,FALSE,"not connected"
20,"EO25",14,31,"EO26",25,100757.9,FALSE,FALSE,FALSE,"not connected"
21,"EO25",15,30,"EO26",24,100922.4,FALSE,FALSE,FALSE,"not connected"
24,"EO24",18,35,"EO26",27,101010.8,FALSE,FALSE,FALSE,"not connected"
16,"EO18",13,35,"EO26",27,101345.2,FALSE,FALSE,FALSE,"not connected"
20,"EO25",14,30,"EO26",24,101527.3,FALSE,FALSE,FALSE,"not connected"
25,"EO24",19,35,"EO26",27,101771.2,FALSE,FALSE,FALSE,"not connected"
4,"EO118",4,8,"EO29",8,101811.6,FALSE,FALSE,FALSE,"not connected"
17,"EO18",13,35,"EO26",27,101906.8,FALSE,FALSE,FALSE,"not connected"
15,"EO18",13,35,"EO26",27,102009.6,FALSE,FALSE,FALSE,"not connected"
19,"EO18",13,35,"EO26",27,102428.2,FALSE,FALSE,FALSE,"not connected"
18,"EO18",13,35,"EO26",27,102600.4,FALSE,FALSE,FALSE,"not connected"
21,"EO25",15,35,"EO26",27,103127.3,FALSE,FALSE,FALSE,"not connected"
20,"EO25",14,35,"EO26",27,103731.1,FALSE,FALSE,FALSE,"not connected"
3,"EO52",3,38,"EO61",30,103939.9,FALSE,FALSE,FALSE,"not connected"
1,"EO38",1,29,"EO08",23,104141.2,FALSE,FALSE,FALSE,"not connected"
1,"EO38",1,28,"EO08",22,105570.4,FALSE,FALSE,FALSE,"not connected"
1,"EO38",1,27,"EO08",21,106015.5,FALSE,FALSE,FALSE,"not connected"
2,"EO76",2,38,"EO61",30,106465.4,FALSE,FALSE,FALSE,"not connected"
1,"EO38",1,36,"EO26",28,107080.3,FALSE,FALSE,FALSE,"not connected"
1,"EO38",1,34,"EO26",26,107458.7,FALSE,FALSE,FALSE,"not connected"
1,"EO38",1,33,"EO26",26,107801.8,FALSE,FALSE,FALSE,"not connected"
1,"EO38",1,32,"EO26",25,108425.2,FALSE,FALSE,FALSE,"not connected"
1,"EO38",1,31,"EO26",25,108874.2,FALSE,FALSE,FALSE,"not connected"
1,"EO38",1,30,"EO26",24,109560.5,FALSE,FALSE,FALSE,"not connected"
3,"EO52",3,29,"EO08",23,110522.3,FALSE,FALSE,FALSE,"not connected"
1,"EO38",1,35,"EO26",27,111704.5,FALSE,FALSE,FALSE,"not connected"
3,"EO52",3,28,"EO08",22,111957.4,FALSE,FALSE,FALSE,"not connected"
3,"EO52",3,27,"EO08",21,112405,FALSE,FALSE,FALSE,"not connected"
3,"EO52",3,36,"EO26",28,113458.1,FALSE,FALSE,FALSE,"not connected"
4,"EO118",4,38,"EO61",30,113545.2,FALSE,FALSE,FALSE,"not connected"
2,"EO76",2,29,"EO08",23,113666.3,FALSE,FALSE,FALSE,"not connected"
3,"EO52",3,34,"EO26",26,113840.8,FALSE,FALSE,FALSE,"not connected"
3,"EO52",3,33,"EO26",26,114182,FALSE,FALSE,FALSE,"not connected"
3,"EO52",3,32,"EO26",25,114805.2,FALSE,FALSE,FALSE,"not connected"
2,"EO76",2,28,"EO08",22,115039.2,FALSE,FALSE,FALSE,"not connected"
3,"EO52",3,31,"EO26",25,115252.4,FALSE,FALSE,FALSE,"not connected"
2,"EO76",2,27,"EO08",21,115458.6,FALSE,FALSE,FALSE,"not connected"
3,"EO52",3,30,"EO26",24,115936.7,FALSE,FALSE,FALSE,"not connected"
2,"EO76",2,36,"EO26",28,116630.4,FALSE,FALSE,FALSE,"not connected"
2,"EO76",2,34,"EO26",26,116971.8,FALSE,FALSE,FALSE,"not connected"
2,"EO76",2,33,"EO26",26,117331,FALSE,FALSE,FALSE,"not connected"
2,"EO76",2,32,"EO26",25,117955.9,FALSE,FALSE,FALSE,"not connected"
3,"EO52",3,35,"EO26",27,118077.7,FALSE,FALSE,FALSE,"not connected"
2,"EO76",2,31,"EO26",25,118418.1,FALSE,FALSE,FALSE,"not connected"
2,"EO76",2,30,"EO26",24,119119.3,FALSE,FALSE,FALSE,"not connected"
4,"EO118",4,29,"EO08",23,120553.9,FALSE,FALSE,FALSE,"not connected"
2,"EO76",2,35,"EO26",27,121284.1,FALSE,FALSE,FALSE,"not connected"
4,"EO118",4,28,"EO08",22,121950.6,FALSE,FALSE,FALSE,"not connected"
4,"EO118",4,27,"EO08",21,122380.5,FALSE,FALSE,FALSE,"not connected"
4,"EO118",4,36,"EO26",28,123507.9,FALSE,FALSE,FALSE,"not connected"
4,"EO118",4,34,"EO26",26,123865.3,FALSE,FALSE,FALSE,"not connected"
4,"EO118",4,33,"EO26",26,124217.7,FALSE,FALSE,FALSE,"not connected"
4,"EO118",4,32,"EO26",25,124842.2,FALSE,FALSE,FALSE,"not connected"
4,"EO118",4,31,"EO26",25,125298.7,FALSE,FALSE,FALSE,"not connected"
8,"EO29",8,26,"EO70",20,125891.7,FALSE,FALSE,FALSE,"not connected"
4,"EO118",4,30,"EO26",24,125993.5,FALSE,FALSE,FALSE,"not connected"
5,"EO68",5,8,"EO29",8,127819.1,FALSE,FALSE,FALSE,"not connected"
4,"EO118",4,35,"EO26",27,128149.4,FALSE,FALSE,FALSE,"not connected"
26,"EO70",20,38,"EO61",30,137197.3,FALSE,FALSE,FALSE,"not connected"
5,"EO68",5,38,"EO61",30,139019.1,FALSE,FALSE,FALSE,"not connected"
26,"EO70",20,29,"EO08",23,145025.2,FALSE,FALSE,FALSE,"not connected"
26,"EO70",20,28,"EO08",22,146340.2,FALSE,FALSE,FALSE,"not connected"
26,"EO70",20,27,"EO08",21,146732.9,FALSE,FALSE,FALSE,"not connected"
5,"EO68",5,29,"EO08",23,147032.5,FALSE,FALSE,FALSE,"not connected"
26,"EO70",20,36,"EO26",28,148007.9,FALSE,FALSE,FALSE,"not connected"
26,"EO70",20,34,"EO26",26,148312.9,FALSE,FALSE,FALSE,"not connected"
5,"EO68",5,28,"EO08",22,148326,FALSE,FALSE,FALSE,"not connected"
26,"EO70",20,33,"EO26",26,148687,FALSE,FALSE,FALSE,"not connected"
5,"EO68",5,27,"EO08",21,148709.2,FALSE,FALSE,FALSE,"not connected"
26,"EO70",20,32,"EO26",25,149312.4,FALSE,FALSE,FALSE,"not connected"
26,"EO70",20,31,"EO26",25,149786.6,FALSE,FALSE,FALSE,"not connected"
5,"EO68",5,36,"EO26",28,150020.8,FALSE,FALSE,FALSE,"not connected"
5,"EO68",5,34,"EO26",26,150312.2,FALSE,FALSE,FALSE,"not connected"
26,"EO70",20,30,"EO26",24,150501,FALSE,FALSE,FALSE,"not connected"
5,"EO68",5,33,"EO26",26,150691.6,FALSE,FALSE,FALSE,"not connected"
5,"EO68",5,32,"EO26",25,151316.8,FALSE,FALSE,FALSE,"not connected"
5,"EO68",5,31,"EO26",25,151795.4,FALSE,FALSE,FALSE,"not connected"
5,"EO68",5,30,"EO26",24,152514.4,FALSE,FALSE,FALSE,"not connected"
26,"EO70",20,35,"EO26",27,152682.1,FALSE,FALSE,FALSE,"not connected"
5,"EO68",5,35,"EO26",27,154700.8,FALSE,FALSE,FALSE,"not connected"
